AML1012.D0_AAAAAGTTACGT	0.613521156168529
AML1012.D0_AAAACACCAATC	0.405359828113968
AML1012.D0_AAAATAGCCTTT	0.453642568118657
AML1012.D0_AAACATTAAACG	0.359738080300541
AML1012.D0_AAACCACGTGCN	0.398275768909547
AML1012.D0_AAACGCTGGAAN	0.627380721746995
AML1012.D0_AAACTGGTACTA	0.433106684697236
AML1012.D0_AAACTTGCCCGT	0.542007488641356
AML1012.D0_AAATGAAAGTCC	0.76941330277133
AML1012.D0_AAATGTACGGTA	0.475517972945697
AML1012.D0_AACAATGGTGTG	0.486256968536731
AML1012.D0_AACACGTGTGCC	0.464290956047128
AML1012.D0_AACATTTAACAT	0.711947826569781
AML1012.D0_AACCCCATGCAG	0.45529177030746
AML1012.D0_AACCCGCCGATN	0.309466388333876
AML1012.D0_AACCGATGGTGA	0.335779935449854
AML1012.D0_AACCTCTGTGTC	0.671763549103458
AML1012.D0_AACGTTTCTTGC	0.536950675391962
AML1012.D0_AACTAGGATCGT	0.536071976458673
AML1012.D0_AAGAAGGTATCT	0.596100912404022
AML1012.D0_AAGAGCCACTTC	0.477161111489008
AML1012.D0_AAGATAGATGAN	0.412649095959755
AML1012.D0_AAGCCATTTTCC	0.547891101748623
AML1012.D0_AAGCTGTTTTCT	0.483538295129151
AML1012.D0_AAGGTTTTTGAA	0.58161553971995
AML1012.D0_AAGTGCACCAAT	0.465990428122602
AML1012.D0_AAGTTTTGTTTT	0.662879962169647
AML1012.D0_AATAAAGCTAGT	0.537533872875836
AML1012.D0_AATAGTCAATAT	0.418995603437564
AML1012.D0_AATCCAGAGTAC	0.426662810874288
AML1012.D0_AATCTCGGCCGC	0.729905792572643
AML1012.D0_AATGAAAACTCA	0.585832928918938
AML1012.D0_AATGCCTCAGAG	0.365795891626118
AML1012.D0_AATGGATCATCG	0.467741403755595
AML1012.D0_AATGTAATGTAA	0.573162252303992
AML1012.D0_AATGTAATTACC	0.377778342898749
AML1012.D0_AATGTATTTTAN	0.332965025361733
AML1012.D0_AATTAAGGTCAN	0.864527789173128
AML1012.D0_AATTCCACGGTG	0.527944892662999
AML1012.D0_AATTCTTCCCGG	0.660337697994858
AML1012.D0_AATTGTCTTGTT	0.498711336982463
AML1012.D0_ACAAACAGGCAN	0.584729382251489
AML1012.D0_ACACAAGCACGA	0.377776809901742
AML1012.D0_ACACGAACCTAG	0.444590329754139
AML1012.D0_ACACGCTAGATT	0.85244493311347
AML1012.D0_ACACGTTTTAAT	0.458551262138919
AML1012.D0_ACACTCGTGTAT	0.43113784202242
AML1012.D0_ACACTTGGATGN	0.309797405207888
AML1012.D0_ACAGCAGTTGTT	0.790191565277197
AML1012.D0_ACAGCTAATGGC	0.878670950358155
AML1012.D0_ACAGGAGCACCG	0.520205042603476
AML1012.D0_ACAGGCTATGAT	0.578965879892227
AML1012.D0_ACAGTGTAGGAG	0.334630920514125
AML1012.D0_ACAGTTGATTTA	0.30777849230312
AML1012.D0_ACATAATCAGTN	0.695422983439333
AML1012.D0_ACATCAAAAAAC	0.659285509905288
AML1012.D0_ACATCAACTTGA	0.49660223467217
AML1012.D0_ACATGAGCGTAN	0.29738312517192
AML1012.D0_ACATTGGCCATN	0.530200849623894
AML1012.D0_ACATTTGCCTTG	0.478180754658807
AML1012.D0_ACCACAGATTGT	0.621666548354493
AML1012.D0_ACCACTTCCACC	0.764072229596346
AML1012.D0_ACCATTAATTGN	0.272374253800206
AML1012.D0_ACCATTCGAACN	0.893736084844512
AML1012.D0_ACCCTGGAAGGC	0.439202291504517
AML1012.D0_ACCGTGTAGTGN	0.819695908126442
AML1012.D0_ACCTACTGGCTG	0.457289954562868
AML1012.D0_ACGAAATGCCAT	0.394853307440847
AML1012.D0_ACGAAGCGGCAT	0.712684663369568
AML1012.D0_ACGATCCGATTC	0.532122454727607
AML1012.D0_ACGCACGCCAAA	0.40154676382854
AML1012.D0_ACGCAGCTGGTG	0.388900904816292
AML1012.D0_ACGCGCGCGGCN	0.702698894238884
AML1012.D0_ACGCTCGCACGA	0.46544788479285
AML1012.D0_ACGCTTTATGCA	0.272761939073616
AML1012.D0_ACGGATCGAACC	0.616182829509818
AML1012.D0_ACGGTCACACGN	0.711366154299171
AML1012.D0_ACGGTTCACTTC	0.620868245299498
AML1012.D0_ACGTAACCGAAC	0.514149258417432
AML1012.D0_ACGTAGACTCCA	0.606202174819938
AML1012.D0_ACGTATAATCAN	0.407629224909912
AML1012.D0_ACGTCGGTAGCN	0.371245418043956
AML1012.D0_ACGTGAACGGAT	0.62520820519488
AML1012.D0_ACGTGCGCATCC	0.473029682358542
AML1012.D0_ACGTTACGGCCN	0.444879417598628
AML1012.D0_ACGTTCCCTGAC	0.545644096501224
AML1012.D0_ACGTTCTGGTGT	0.304486824403465
AML1012.D0_ACGTTTCCTTTT	0.547526622452697
AML1012.D0_ACTAAACGGACT	0.586241673327933
AML1012.D0_ACTAGTCGTCCN	0.63225575801448
AML1012.D0_ACTAGTTGGGAT	0.323943508032367
AML1012.D0_ACTATCGGGTAC	0.673497935151925
AML1012.D0_ACTCTTAATGCG	0.577431026942803
AML1012.D0_ACTCTTTTTAGG	0.548971611119758
AML1012.D0_ACTGTCCGAGCC	0.525113077119488
AML1012.D0_ACTGTCCGCACG	0.0964391809839046
AML1012.D0_ACTTACGCGGTN	0.70652122312207
AML1012.D0_ACTTACTATTGN	0.371520163656055
AML1012.D0_ACTTAGATCCCA	0.673788129576921
AML1012.D0_ACTTTACGTCTN	0.659878310031599
AML1012.D0_AGAAGAACCGGA	0.553750136318246
AML1012.D0_AGAAGACATGGA	0.629754658933554
AML1012.D0_AGAATGAGCGAN	0.363666447135246
AML1012.D0_AGAATGCAGTTC	0.381618162758529
AML1012.D0_AGACAGTTCGTN	0.73673329317385
AML1012.D0_AGACCCCTAACG	0.543875819663327
AML1012.D0_AGACGATTCCGT	0.238281368797353
AML1012.D0_AGACTATAAGTA	0.537066877491108
AML1012.D0_AGAGAGTCATGC	0.387566216433997
AML1012.D0_AGAGGTATGGTN	0.487719212408941
AML1012.D0_AGAGGTTTATTG	0.359502013758659
AML1012.D0_AGAGTATAGATC	0.636184420489786
AML1012.D0_AGAGTCACAGCC	0.384895044420058
AML1012.D0_AGAGTGAGTCAA	0.684725787657028
AML1012.D0_AGATTCCACTTN	0.677930273969233
AML1012.D0_AGCAAATCATTN	0.803782440738906
AML1012.D0_AGCACCCGACAC	0.684969484887051
AML1012.D0_AGCAGTTGGGTA	0.52049455429794
AML1012.D0_AGCCCGGAATTC	0.574197238753203
AML1012.D0_AGCGTTTCAGAG	0.815066365902748
AML1012.D0_AGCTGAGGTAGN	0.392588781414239
AML1012.D0_AGCTTCGCTAGG	0.383929633393599
AML1012.D0_AGGAAACCTAAG	0.750393574672665
AML1012.D0_AGGACTAAACAN	0.49287014795061
AML1012.D0_AGGAGCTTCTGC	0.533821058438298
AML1012.D0_AGGAGTTTTAGA	0.338848680769588
AML1012.D0_AGGCACCTTGCN	0.48785075357176
AML1012.D0_AGGCACGACTTG	0.681313848261605
AML1012.D0_AGGCCAATGTTA	0.750136167210401
AML1012.D0_AGGCCCTTTCTG	0.688125768851401
AML1012.D0_AGGCCGTTCCGT	0.603490809042413
AML1012.D0_AGGCGCACGACT	0.585225208756363
AML1012.D0_AGGCGTCTTCTN	0.569517608063126
AML1012.D0_AGGCTACTTGCC	0.6980866672925
AML1012.D0_AGGGAGGTCATT	0.536636779246179
AML1012.D0_AGGGTTTCCTTN	0.763408265207127
AML1012.D0_AGGTACACTTGC	0.517423890807625
AML1012.D0_AGGTCTGCTGTG	0.524262955694765
AML1012.D0_AGGTGAGTGCGG	0.706247103028618
AML1012.D0_AGGTGATAGATN	0.247329571690465
AML1012.D0_AGGTGTTGTTGN	0.381640112894451
AML1012.D0_AGTCGACTGTTT	0.605015518471852
AML1012.D0_AGTCGAGATAGN	0.646654978204395
AML1012.D0_AGTCGCGGGAGC	0.612932362543738
AML1012.D0_AGTCTGCAGACA	0.450629594197229
AML1012.D0_AGTGACACGATG	0.755793003891977
AML1012.D0_AGTGACTTGCGG	0.433892041656159
AML1012.D0_AGTGTGCCGTTC	0.37187134235917
AML1012.D0_AGTTCAACACCG	0.752346953266511
AML1012.D0_AGTTCGCTAGGC	0.655660868757469
AML1012.D0_AGTTGAGGCAGC	0.55142912003303
AML1012.D0_AGTTGCACGATG	0.463480472969196
AML1012.D0_AGTTTCGAGTGG	0.574162938563111
AML1012.D0_AGTTTTTTCCGG	0.625610837715993
AML1012.D0_ATAACGTAAGGC	0.396856702773727
AML1012.D0_ATACATTATTCG	0.454394060687514
AML1012.D0_ATACCAAAAGCN	0.337945647450251
AML1012.D0_ATACGGGCGCAC	0.423366272167132
AML1012.D0_ATACGTGAGGAT	0.498950805702351
AML1012.D0_ATAGTACTAGCG	0.212116798280124
AML1012.D0_ATAGTCCGCTGN	0.323187397797919
AML1012.D0_ATCAAGGGCCCA	0.57459666195111
AML1012.D0_ATCACGTGCGAT	0.383421313549725
AML1012.D0_ATCACTGATTCA	0.373022204499502
AML1012.D0_ATCAGGTCCTTT	0.740225056844051
AML1012.D0_ATCAGTCAGAGN	0.303922286407829
AML1012.D0_ATCAGTGAACTC	0.672135327593166
AML1012.D0_ATCATCTGGTAG	0.46813055946253
AML1012.D0_ATCATTTCGTGN	0.61429328573546
AML1012.D0_ATCCCGGTCTAT	0.854470325112318
AML1012.D0_ATCCGGATCAAT	0.482758539819309
AML1012.D0_ATCCGTAGACAG	0.586098443644005
AML1012.D0_ATCGAACACTTG	0.539468758669519
AML1012.D0_ATCGCGTGTGGT	0.729305492916185
AML1012.D0_ATCGTGTAACGC	0.818208546679032
AML1012.D0_ATCGTGTAGTGC	0.640819704442547
AML1012.D0_ATGAAGATCGAG	0.69810545104459
AML1012.D0_ATGAATAGAGAA	0.171278665545509
AML1012.D0_ATGAATCCAAGN	0.630327471790594
AML1012.D0_ATGCAGAAACCN	0.239141015292734
AML1012.D0_ATGCTGTTGCAG	0.581161859807788
AML1012.D0_ATGGAGGAGTGN	0.436398297922353
AML1012.D0_ATGGGCCCGTCC	0.494656349992649
AML1012.D0_ATGGGTCTAAAG	0.624111885402358
AML1012.D0_ATGTAGTGTAGT	0.336933771293319
AML1012.D0_ATGTTCCGACTG	0.609488888449017
AML1012.D0_ATGTTGTCCCGN	0.715880504188515
AML1012.D0_ATGTTTGTTAAN	0.299810730469797
AML1012.D0_ATTATCCAATGT	0.514466147103666
AML1012.D0_ATTCAGCGGACN	0.521715416648205
AML1012.D0_ATTCAGGTTTCA	0.489463336465909
AML1012.D0_ATTCCAGTGTTC	0.76913685939563
AML1012.D0_ATTCGGTTTTTG	0.51823210084996
AML1012.D0_ATTGCTTTGTAT	0.30383533565716
AML1012.D0_ATTGGGTGGTGG	0.610246798176533
AML1012.D0_ATTGTGATCAGC	0.209442894235033
AML1012.D0_ATTTCAGGGAAN	0.391905501711534
AML1012.D0_ATTTCCTACGAN	0.379807370710209
AML1012.D0_ATTTGAGTGTCG	0.606537060542916
AML1012.D0_ATTTTTTAGTCN	0.372126889486507
AML1012.D0_ATTTTTTCAGTN	0.465345975327464
AML1012.D0_CAAAAGCACTCG	0.752135178132588
AML1012.D0_CAAAAGTGATGT	0.656127245720607
AML1012.D0_CAAATACATTGT	0.383091812500403
AML1012.D0_CAACCCCGCGTN	0.394544450381947
AML1012.D0_CAACGCGTTCAT	0.504726703114436
AML1012.D0_CAAGCGAATGGC	0.428981244378053
AML1012.D0_CAATAGCGGCTA	0.744686663638518
AML1012.D0_CAATAGTAGGCC	0.428026870637538
AML1012.D0_CAATAGTGTCAT	0.483938721425014
AML1012.D0_CAATGCAGTTCN	0.781099711708717
AML1012.D0_CAATGCTGGGTA	0.625408930820738
AML1012.D0_CAATGGACAGCC	0.674985486587417
AML1012.D0_CACAGGCTGTAN	0.719812105795236
AML1012.D0_CACATCTGCTAA	0.209303859157579
AML1012.D0_CACCTAGACGCT	0.32372152637646
AML1012.D0_CACCTGACTCGA	0.402237218814012
AML1012.D0_CACGGTTAGGCT	0.414531339918454
AML1012.D0_CACGTACACGCA	0.315415168426268
AML1012.D0_CACGTCCCGACN	0.535093712253044
AML1012.D0_CACGTGGGAGCA	0.457596802786581
AML1012.D0_CACTCAAGGTGT	0.464876941300971
AML1012.D0_CACTTCACCATN	0.574506873759258
AML1012.D0_CAGAAAACTATT	0.184337061747483
AML1012.D0_CAGAGGCGAAGN	0.405662384724828
AML1012.D0_CAGAGTCGGTTG	0.33626929638667
AML1012.D0_CAGATATGTGAG	0.600417995250243
AML1012.D0_CAGATGACTTTG	0.257452921582943
AML1012.D0_CAGATTTTGTAT	0.625167986156484
AML1012.D0_CAGCACATTCGT	0.57900866480847
AML1012.D0_CAGCCCTTCGAN	0.423504604858692
AML1012.D0_CAGCCGTATCAN	0.465290904086011
AML1012.D0_CAGCTCCGCCTA	0.471083223679957
AML1012.D0_CAGGACAGTCAN	0.816417705279782
AML1012.D0_CAGGAGGATGCN	0.521854578923691
AML1012.D0_CAGGCAAGAACC	0.635004840775374
AML1012.D0_CAGGGACCAGTA	0.560150170539281
AML1012.D0_CAGGTAATCCTG	0.316753037044446
AML1012.D0_CAGGTATTGTGT	0.53975082592623
AML1012.D0_CAGGTGTCGTTA	0.836503034877356
AML1012.D0_CAGTTACCTTAN	0.757815575458949
AML1012.D0_CATAGGATGCCT	0.498296445726387
AML1012.D0_CATATTTTAGAN	0.48266406358495
AML1012.D0_CATCCAATTAAG	0.497661366359346
AML1012.D0_CATCGATTAAGC	0.377363595721835
AML1012.D0_CATGATACGCGT	0.440664150334118
AML1012.D0_CATTCCCCCTAG	0.38895037532316
AML1012.D0_CATTCCTAAAAA	0.405321927536272
AML1012.D0_CATTCGTACGTC	0.749506542945426
AML1012.D0_CATTTAGTCAGN	0.3220319236338
AML1012.D0_CATTTCCGTTCT	0.64010508886076
AML1012.D0_CATTTGCGTACT	0.429774196771412
AML1012.D0_CCAAAAAATCCT	0.428870645388432
AML1012.D0_CCAAAATCAGCN	0.397517252756429
AML1012.D0_CCAAATAGTTCT	0.476500402362337
AML1012.D0_CCAACACGTTGA	0.564481878878861
AML1012.D0_CCAACCACGCTA	0.615431886585742
AML1012.D0_CCAAGCGACGTG	0.413008778835852
AML1012.D0_CCAATTACGCAA	0.5411228252303
AML1012.D0_CCAGTTATTGCN	0.260068600673083
AML1012.D0_CCATTTACACAN	0.612753943228997
AML1012.D0_CCATTTACACTA	0.569996564045851
AML1012.D0_CCATTTGGACGC	0.688612262340575
AML1012.D0_CCCAAGCAGGAN	0.429194533005547
AML1012.D0_CCCACATAGTTC	0.487441241709364
AML1012.D0_CCCACTGATTTC	0.515913941457596
AML1012.D0_CCCCACACTAAA	0.590535976690716
AML1012.D0_CCCCAGTATGTA	0.408287227690228
AML1012.D0_CCCCAGTTTTCA	0.520068240366819
AML1012.D0_CCCCCTAAGCGC	0.366123770944213
AML1012.D0_CCCCGGAGTGTN	0.284509506060953
AML1012.D0_CCCCTCTCGCGN	0.353146562943301
AML1012.D0_CCCGGAAGTCGA	0.47441661894652
AML1012.D0_CCCGGACTCTCC	0.552650518453809
AML1012.D0_CCCTCTGATCAC	0.502569051269571
AML1012.D0_CCCTGATTTGCG	0.630904576722918
AML1012.D0_CCCTGCGTCCTA	0.518024513817596
AML1012.D0_CCGAAACTAGAC	0.513872482435301
AML1012.D0_CCGAACACTATC	0.311602043939008
AML1012.D0_CCGAACAGGCCC	0.33503017036696
AML1012.D0_CCGAACGGTTCC	0.438030363004126
AML1012.D0_CCGACCGGAGCA	0.549985127666637
AML1012.D0_CCGAGCGAAATG	0.683244352685815
AML1012.D0_CCGATCCAATGN	0.356559079034833
AML1012.D0_CCGATGGAAAAG	0.532042170672044
AML1012.D0_CCGATTAGATTN	0.67210976923015
AML1012.D0_CCGCTGCGTGTC	0.852893400492201
AML1012.D0_CCGGACTTCTGN	0.697145877938713
AML1012.D0_CCGGGCCTCCAC	0.506680062290541
AML1012.D0_CCGTGATTAGTN	0.42572933410153
AML1012.D0_CCTAATCCGAGT	0.360367198939605
AML1012.D0_CCTATCAATTAT	0.56512089906171
AML1012.D0_CCTCAGAGAGCG	0.329977576010576
AML1012.D0_CCTCGGGAATGC	0.577904737496388
AML1012.D0_CCTCGTAAACGN	0.446237953803963
AML1012.D0_CCTGCGAACCTA	0.835481522580959
AML1012.D0_CCTGGACTCTAG	0.202250666462298
AML1012.D0_CCTGGCCGATGA	0.225151227338334
AML1012.D0_CCTGGCTCATAC	0.429240463128497
AML1012.D0_CCTGTATGCGAA	0.616334331185257
AML1012.D0_CCTTAGTCAGTG	0.390438475072005
AML1012.D0_CCTTCGTTTTAG	0.545858395069439
AML1012.D0_CCTTGGTGTAAN	0.620777536273808
AML1012.D0_CCTTTCTGATGC	0.598485026482216
AML1012.D0_CCTTTTAGTGGA	0.218126094398085
AML1012.D0_CCTTTTCAAAAN	0.354572462708067
AML1012.D0_CCTTTTCGCATC	0.721883446550171
AML1012.D0_CGAACGCCAGTT	0.803866285208676
AML1012.D0_CGAACTTAGCTA	0.459252704280446
AML1012.D0_CGAAGCGAGTAG	0.379364900794954
AML1012.D0_CGAAGTCCGAGN	0.569788841222506
AML1012.D0_CGAAGTCCGATG	0.669935402126054
AML1012.D0_CGAAGTCTTTTG	0.559085785141905
AML1012.D0_CGAAGTTTATAN	0.546498283658926
AML1012.D0_CGACCCTTCAGA	0.558404454453356
AML1012.D0_CGACCGATATTC	0.547337036239212
AML1012.D0_CGACCTTCAACG	0.564615814594622
AML1012.D0_CGACTGAAATCT	0.650156280722104
AML1012.D0_CGACTTTGCGAN	0.325267705592717
AML1012.D0_CGACTTTGTAAN	0.397373090669349
AML1012.D0_CGAGAGTAGGGT	0.894762186235449
AML1012.D0_CGAGATACTCTA	0.551876734185714
AML1012.D0_CGATAAAACGAT	0.360944552780862
AML1012.D0_CGATCAAACTGN	0.319849682130616
AML1012.D0_CGATCATACCGA	0.72589118487941
AML1012.D0_CGATCTTCATGC	0.734075488933186
AML1012.D0_CGATTCAAAGCA	0.286319114053465
AML1012.D0_CGATTGTGTTCN	0.619309561562487
AML1012.D0_CGCACGCATTCN	0.62648022294609
AML1012.D0_CGCAGAGGAGAT	0.334486547387413
AML1012.D0_CGCATCGGCGGN	0.718898871662628
AML1012.D0_CGCATTCTGTCT	0.601241354470498
AML1012.D0_CGCATTTATTAN	0.260058408890822
AML1012.D0_CGCCCAGCCTAN	0.185142499776738
AML1012.D0_CGCCGGGACGTN	0.499025646050743
AML1012.D0_CGCCGGTTGACA	0.471005380343907
AML1012.D0_CGCGCATCCTCT	0.447962533246486
AML1012.D0_CGCGTTCACCTC	0.421590608085941
AML1012.D0_CGCTGTAAGATN	0.40837624325529
AML1012.D0_CGGAAGTGATTC	0.688550290326765
AML1012.D0_CGGAGGTTCTGN	0.469454419803148
AML1012.D0_CGGAGTACGGGT	0.401898571074423
AML1012.D0_CGGATTAAGGAC	0.682797403449356
AML1012.D0_CGGCAGGGATAT	0.54341995681
AML1012.D0_CGGCATCGATTA	0.338079245396266
AML1012.D0_CGGCCCTCATTN	0.432851403235339
AML1012.D0_CGGCCGACGACN	0.335201887513025
AML1012.D0_CGGCCTTGTTAG	0.35759982120861
AML1012.D0_CGGCGGGGAGAC	0.701033610145444
AML1012.D0_CGGCTAAAAACT	0.634928263026148
AML1012.D0_CGGCTAGGTCTG	0.454048738025786
AML1012.D0_CGGCTTTTTAAG	0.48908148548058
AML1012.D0_CGGGACTGTTAA	0.336859112599218
AML1012.D0_CGGGATGTACAT	0.44493674447986
AML1012.D0_CGGGCACTGTCN	0.571606797504331
AML1012.D0_CGGGTGGGTCTG	0.68715345603484
AML1012.D0_CGGTCTCTAACG	0.532363813430091
AML1012.D0_CGGTCTTAGGTN	0.651258895922415
AML1012.D0_CGGTGACATCTN	0.158144026575726
AML1012.D0_CGGTGGAATTTG	0.46624406170203
AML1012.D0_CGGTGTTAACGA	0.509319279046824
AML1012.D0_CGGTTCGGGTGA	0.577781308503672
AML1012.D0_CGGTTCTAGTGG	0.759570486895426
AML1012.D0_CGTACTTACATG	0.37573186736791
AML1012.D0_CGTACTTCTTCA	0.345058611593116
AML1012.D0_CGTCCATCTGAG	0.418708833055097
AML1012.D0_CGTCTGTCGCGN	0.391427742105897
AML1012.D0_CGTGGCCTGACT	0.402655786635149
AML1012.D0_CGTGTCGATCTT	0.712241322937896
AML1012.D0_CGTGTGTTGAAA	0.691084561151754
AML1012.D0_CGTTACGAACTN	0.537755054064242
AML1012.D0_CGTTGACGGCCT	0.156212853556741
AML1012.D0_CGTTTGACTTCA	0.437146367943484
AML1012.D0_CGTTTGGCGAAT	0.371670026510464
AML1012.D0_CTAAAAGTAGTT	0.475254283015372
AML1012.D0_CTAAAATATGTA	0.827201504350437
AML1012.D0_CTAACCTGTTGN	0.601050517043614
AML1012.D0_CTAACTAGTAAT	0.444405751048469
AML1012.D0_CTACTATCATTT	0.467950556186833
AML1012.D0_CTACTCCTATTN	0.436554230193539
AML1012.D0_CTACTCGCAACN	0.478155375530444
AML1012.D0_CTACTTCATGAC	0.472153260287187
AML1012.D0_CTAGCCACAGCT	0.394024627642908
AML1012.D0_CTAGTTCCATCT	0.23363884065989
AML1012.D0_CTAGTTTGTCAC	0.328340982488271
AML1012.D0_CTATTCGCTCAN	0.643682328352456
AML1012.D0_CTCATAGTAGTA	0.505560372141507
AML1012.D0_CTCATTGGACGN	0.583957403431648
AML1012.D0_CTCCATAAATTN	0.429025799343614
AML1012.D0_CTCGCTAGCTGG	0.770786037764537
AML1012.D0_CTCTTACCGGAA	0.488524862519224
AML1012.D0_CTCTTGAAAAAC	0.530055331420147
AML1012.D0_CTGACCTACTAC	0.623288239407707
AML1012.D0_CTGATGACGTGT	0.611059610451005
AML1012.D0_CTGCCGGTAGCN	0.52214739710329
AML1012.D0_CTGCTAAGTACN	0.705201154049259
AML1012.D0_CTGGACGTCACA	0.413604456439381
AML1012.D0_CTGGACTGTGAA	0.714216718114877
AML1012.D0_CTGGCACGGGCT	0.496403074900936
AML1012.D0_CTGGCCGTGTAC	0.535871147666732
AML1012.D0_CTGGCTCCAAGG	0.260033694399061
AML1012.D0_CTGGGCAGTTTT	0.534344610671525
AML1012.D0_CTGTCGCATTGA	0.582752570961929
AML1012.D0_CTTCAAGCCTTA	0.981083189216411
AML1012.D0_CTTCAGCCTTGN	0.284255965936632
AML1012.D0_CTTCCAATGACT	0.520074531118569
AML1012.D0_CTTCGTGATTCG	0.617896095987282
AML1012.D0_CTTCTCCCCGGA	0.470784934396466
AML1012.D0_CTTGAGGGAGAG	0.694970163578296
AML1012.D0_CTTGATAGACTN	0.406290682640788
AML1012.D0_CTTGCGGCAGCN	0.623257029523988
AML1012.D0_CTTGGATAGACT	0.385683742970628
AML1012.D0_CTTGGCTGTGAC	0.353410054853412
AML1012.D0_CTTTATCGAAAC	0.520428811033742
AML1012.D0_CTTTTACGTGTN	0.150819337066872
AML1012.D0_CTTTTCATTATN	0.571047435431799
AML1012.D0_GAAAAACTGCAC	0.239470507576813
AML1012.D0_GAAAACCTGTTN	0.704200578646307
AML1012.D0_GAAAAGACGACC	0.621945917355284
AML1012.D0_GAAAAGGGATAA	0.556336978108131
AML1012.D0_GAAACCCTATGG	0.65757911004985
AML1012.D0_GAAACCGCCGAN	0.830443840149438
AML1012.D0_GAAACGTCCGAT	0.803046566357257
AML1012.D0_GAAAGACACCAN	0.719000055682557
AML1012.D0_GAAATAACCATN	0.733485575437481
AML1012.D0_GAACCCAGCCCA	1
AML1012.D0_GAACCGATTATC	0.38494523629934
AML1012.D0_GAACGCATGGGA	0.497174666028506
AML1012.D0_GAACGCTCAGCN	0.513710169200687
AML1012.D0_GAACGTTACGAT	0.420688498779258
AML1012.D0_GAACTGTGTATC	0.374457308141109
AML1012.D0_GAAGAGCAGGTA	0.384534186943108
AML1012.D0_GAAGCAACTGGG	0.543668776852754
AML1012.D0_GAAGGAGGCAAG	0.584502188367324
AML1012.D0_GAATAAATCACA	0.616435033410931
AML1012.D0_GAATTCTCCACG	0.518587670944261
AML1012.D0_GAATTGCTAGGT	0.475086074233457
AML1012.D0_GAATTGGAACTC	0.374538822815218
AML1012.D0_GACAAATATTCN	0.55786636150323
AML1012.D0_GACACGTAGCTN	0.466985819798553
AML1012.D0_GACAGCCTGTGN	0.293952533531127
AML1012.D0_GACAGGGAGAGT	0.465584664325923
AML1012.D0_GACATCGATTAG	0.438985137965719
AML1012.D0_GACATGAGGAAT	0.661339064701984
AML1012.D0_GACATTATCATA	0.359880574385755
AML1012.D0_GACCCAGTTTGG	0.306098076355882
AML1012.D0_GACCCGGTGAGA	0.193765490654334
AML1012.D0_GACCCGTGTTTG	0.51368076948319
AML1012.D0_GACCTTAGATCC	0.440903931657625
AML1012.D0_GACGATTTTGCC	0.360245001998993
AML1012.D0_GACGGAATGTGA	0.322779099595605
AML1012.D0_GACGGGCGTTTG	0.398830060347236
AML1012.D0_GACGGTATGAAN	0.441825493546267
AML1012.D0_GAGAACGATAAN	0.524593853081481
AML1012.D0_GAGACCTCGAGC	0.644299079725291
AML1012.D0_GAGAGTGCCACT	0.520463201031246
AML1012.D0_GAGATGCATGTT	0.521900872960884
AML1012.D0_GAGCACGATTAN	0.71381974169229
AML1012.D0_GAGCCCTCGTGN	0.600413717121926
AML1012.D0_GAGCGTATTCGN	0.463741152044607
AML1012.D0_GAGGTGACACCN	0.628305238506886
AML1012.D0_GAGGTGCCTTCC	0.795537829352387
AML1012.D0_GAGTAAATGCTT	0.534377308899954
AML1012.D0_GAGTGGACTTCA	0.707896524237785
AML1012.D0_GAGTTACGTCCN	0.452142556169332
AML1012.D0_GATAAATGGATN	0.625508715024287
AML1012.D0_GATAAGGAGCAC	0.374129229284996
AML1012.D0_GATAAGTCGAAA	0.746076430773848
AML1012.D0_GATCCATAACCC	0.517587506778328
AML1012.D0_GATCGAAAATAG	0.680309920706366
AML1012.D0_GATCGAAGTGGA	0.37395501060126
AML1012.D0_GATCGGCTGCTA	0.378918339600788
AML1012.D0_GATTATAACTAG	0.526778310605681
AML1012.D0_GATTATGTGAAC	0.395690544602215
AML1012.D0_GATTCAGAGCAC	0.605518472007758
AML1012.D0_GATTGAAATGAC	0.737743251424666
AML1012.D0_GATTGTTATTTA	0.484533881820727
AML1012.D0_GATTTAATTTTG	0.488287494248463
AML1012.D0_GATTTCTTATCA	0.474293767434452
AML1012.D0_GCAAAATCAAGA	0.680874448261839
AML1012.D0_GCAACTTCAAGG	0.491042230166896
AML1012.D0_GCAATCTGTTCC	0.454263508706667
AML1012.D0_GCACCCCCTTTA	0.683275623007452
AML1012.D0_GCACGCGTCATA	0.524031281793233
AML1012.D0_GCACTGATGCAN	0.402938395233072
AML1012.D0_GCACTTTCACAC	0.211704139362035
AML1012.D0_GCAGAGTCAAGT	0.635285196689944
AML1012.D0_GCAGAGTTCGCT	0.791865676438547
AML1012.D0_GCAGGCCGCTTT	0.290470292555678
AML1012.D0_GCAGGCTCAGGC	0.267517114602354
AML1012.D0_GCAGTGCGCACC	0.594744713533997
AML1012.D0_GCATTATCCTGC	0.734534056933476
AML1012.D0_GCCAACAGCCAA	0.385264326851672
AML1012.D0_GCCAACCGGATG	0.644152884048638
AML1012.D0_GCCAGATTGGGN	0.476509379997506
AML1012.D0_GCCAGCCTGAGT	0.506930689395177
AML1012.D0_GCCCACGAATCT	0.518719142671162
AML1012.D0_GCCCCGTTCGGA	0.512277000194104
AML1012.D0_GCCCCGTTGTCA	0.552299183226929
AML1012.D0_GCCCCTTACGTT	0.496786975067635
AML1012.D0_GCCCTGAGATGN	0.64548490657659
AML1012.D0_GCCGTAGGTAAA	0.536702183382043
AML1012.D0_GCCGTGCCGGCA	0.535724135438882
AML1012.D0_GCCTGTCATCGA	0.517039184704639
AML1012.D0_GCCTTTTTTCGG	0.482089326405845
AML1012.D0_GCGAGTAGCGAG	0.592309585099085
AML1012.D0_GCGATAGTTCCA	0.633150445286026
AML1012.D0_GCGCACGCAGGA	0.40706638995574
AML1012.D0_GCGCCGGTAAGC	0.330238664832728
AML1012.D0_GCGCGCTTTGTT	0.707798280040683
AML1012.D0_GCGCTTACCTAN	0.346461020136722
AML1012.D0_GCGGAGCTACGN	0.258768962780474
AML1012.D0_GCGGAGGAAGCG	0.400720429767758
AML1012.D0_GCGGATAAGTTN	0.638648815740746
AML1012.D0_GCGGCCCTCTCG	0.39796409932655
AML1012.D0_GCGGGCTTGCTG	0.37631379351778
AML1012.D0_GCGGTAAGGCGT	0.327652533410619
AML1012.D0_GCGTAAGCTCGN	0.528591109698536
AML1012.D0_GCTAAAATGATN	0.413766832242607
AML1012.D0_GCTATCGTTTAG	0.657767908386389
AML1012.D0_GCTCCTATTTTT	0.555442168024313
AML1012.D0_GCTCTCATCCTT	0.404583444375408
AML1012.D0_GCTCTGTAAGCA	0.631627624862751
AML1012.D0_GCTCTTATCACN	0.539368879575113
AML1012.D0_GCTGACTAGGGA	0.492899965047486
AML1012.D0_GCTGATCGATTG	0.570309194097024
AML1012.D0_GCTGTAGCGTGN	0.736191693177588
AML1012.D0_GCTTATCCGGCT	0.36052591531223
AML1012.D0_GCTTCAACTTGT	0.607238909596484
AML1012.D0_GCTTCCCGACCN	0.211467790903053
AML1012.D0_GCTTCTGAGCGG	0.660787091275481
AML1012.D0_GCTTGACCATAN	0.409193521784505
AML1012.D0_GCTTTAAATCAG	0.73116118260884
AML1012.D0_GCTTTGCCTGCN	0.603698339482816
AML1012.D0_GGAAAGCAGCCN	0.641495644255273
AML1012.D0_GGAACCCACTAN	0.475824647468219
AML1012.D0_GGAACTCCGCTT	0.425456202184043
AML1012.D0_GGAATCCATTGG	0.581344447623844
AML1012.D0_GGACAAGCTGAG	0.369249780930958
AML1012.D0_GGACAATATTTG	0.407168285495148
AML1012.D0_GGACCAGAAGAT	0.483696580888703
AML1012.D0_GGACCATGTTAA	0.775206349961259
AML1012.D0_GGACTGAGGCTC	0.554310486828864
AML1012.D0_GGAGAGAAGTTC	0.451673445873146
AML1012.D0_GGAGATGCGTCN	0.66570637488279
AML1012.D0_GGAGGCGACTGT	0.323426825900797
AML1012.D0_GGAGGCTGCTGN	0.453395851006473
AML1012.D0_GGATAACGGTGN	0.37140038094913
AML1012.D0_GGATAAGCAGTG	0.31756687155714
AML1012.D0_GGATGCATATTT	0.555596999905441
AML1012.D0_GGATGTTATGTA	0.511582954617733
AML1012.D0_GGCAATTATCTN	0.547250268870289
AML1012.D0_GGCACAGGTCCN	0.390366065357034
AML1012.D0_GGCAGGTGCTCA	0.792924027875956
AML1012.D0_GGCCAGAAGTTC	0.422887855148798
AML1012.D0_GGCTGAGTATGC	0.612967401840028
AML1012.D0_GGCTGATTCTTG	0.601045774693558
AML1012.D0_GGCTTATCAGCG	0.351832482983469
AML1012.D0_GGCTTCGATATT	0.11972279071302
AML1012.D0_GGCTTCTCAACT	0.971370910343337
AML1012.D0_GGCTTTTATAAT	0.797187892641732
AML1012.D0_GGGAACAGAACG	0.385031231326341
AML1012.D0_GGGAATGTGGTN	0.756846294588404
AML1012.D0_GGGAGTTATGCC	0.479240454990413
AML1012.D0_GGGGTGACTTGA	0.630770479935363
AML1012.D0_GGGGTTCCGTAT	0.368842422822116
AML1012.D0_GGGTCCACGCAC	0.412554383449395
AML1012.D0_GGGTCTTATTTG	0.595930470632855
AML1012.D0_GGGTTGGAATCG	0.66095815593313
AML1012.D0_GGGTTTGAGAGA	0.472917183839043
AML1012.D0_GGTAAATTTGAA	0.27030913130892
AML1012.D0_GGTCAACGGCAG	0.573377855929935
AML1012.D0_GGTCTCTTTTAG	0.231720162394981
AML1012.D0_GGTGAGCCCGAG	0.31618403480366
AML1012.D0_GGTGCGCACGAN	0.678650099336439
AML1012.D0_GGTGGATATTCA	0.645018336886937
AML1012.D0_GGTGGTCGATCN	0.581047643876534
AML1012.D0_GGTGTCACTGGA	0.248992944920766
AML1012.D0_GGTGTCGAATTT	0.349031140557222
AML1012.D0_GGTGTTAGGGAG	0.672718220973568
AML1012.D0_GGTGTTTCAATA	0.32612610826746
AML1012.D0_GGTTAAAGTATN	0.498718535706434
AML1012.D0_GGTTAAGAGCTN	0.384495241594763
AML1012.D0_GGTTACGTAGAG	0.336194834912595
AML1012.D0_GGTTATTTCAAC	0.570734714158109
AML1012.D0_GGTTGGCTCCCG	0.230382087457738
AML1012.D0_GGTTGTGATGCN	0.565596135586557
AML1012.D0_GGTTTCGTAGGC	0.300042510063202
AML1012.D0_GGTTTGCTCCGG	0.573033540254035
AML1012.D0_GTAACACCAGAN	0.561150180633525
AML1012.D0_GTAAGAGCCAAG	0.575034246563753
AML1012.D0_GTAATGTCTACN	0.590422412770037
AML1012.D0_GTACAATGTAGA	0.531758834881838
AML1012.D0_GTACACGTCTGA	0.393539399768244
AML1012.D0_GTACATTAACTG	0.647385122170608
AML1012.D0_GTACGAATGTTG	0.49931463451071
AML1012.D0_GTACTTCTACGA	0.526219537052487
AML1012.D0_GTAGAAGTACAN	0.395797787110086
AML1012.D0_GTAGGCTTTGGT	0.400130464360833
AML1012.D0_GTATCACCATGA	0.529518564364719
AML1012.D0_GTATCAGATAGT	0.500712227122181
AML1012.D0_GTCAAGCCTGTC	0.405400729086117
AML1012.D0_GTCACAATTCGA	0.485300600154402
AML1012.D0_GTCACGCTATTN	0.702865763224132
AML1012.D0_GTCAGCAACCCN	0.211921151229057
AML1012.D0_GTCAGCTTGATG	0.4294726888775
AML1012.D0_GTCAGGCGTTTT	0.436732975631797
AML1012.D0_GTCCAGGCATTC	0.577726859234087
AML1012.D0_GTCCGGGCTTAG	0.597193679729729
AML1012.D0_GTCCTTAGGAAN	0.375011175369536
AML1012.D0_GTCGCTCAGTGN	0.363999990617655
AML1012.D0_GTGAAGAAGACT	0.589366196368468
AML1012.D0_GTGAAGTATCTN	0.482892950210971
AML1012.D0_GTGACCCGGCTT	0.44752203509073
AML1012.D0_GTGCATGGTTGN	0.471317868738542
AML1012.D0_GTGCCGCTAGTT	0.257911083600544
AML1012.D0_GTGCCTAGTAAN	0.46278699887631
AML1012.D0_GTGCGCCCTGGN	0.666222522058611
AML1012.D0_GTGCGCGAGATG	0.513372540455302
AML1012.D0_GTGCTAGTCGCG	0.531247818369614
AML1012.D0_GTGCTTCATTTG	0.402240616668919
AML1012.D0_GTGGTTTACGGC	0.815401940166074
AML1012.D0_GTGTGACGCTTN	0.287848193602323
AML1012.D0_GTGTTATAGGAT	0.650520158450478
AML1012.D0_GTTAACGTGTTG	0.539296775782317
AML1012.D0_GTTATGCAAGGT	0.584636442122581
AML1012.D0_GTTCACATAGGG	0.302736496575841
AML1012.D0_GTTCAGCCTTCN	0.431491447273744
AML1012.D0_GTTCCACGAAGN	0.551448100099718
AML1012.D0_GTTCGCAAGAGT	0.464586965927329
AML1012.D0_GTTGACGCGTGC	0.55392999106312
AML1012.D0_GTTGCTGGAACG	0.59463459459962
AML1012.D0_GTTGTTAATAAG	0.73016482762971
AML1012.D0_GTTTCGCGCGGC	0.470704350815008
AML1012.D0_GTTTGGAGCTCN	0.484820267042867
AML1012.D0_GTTTGTCAGATG	0.546920664609702
AML1012.D0_GTTTTTGCGTCC	0.318443876231158
AML1012.D0_TAAAATCTGGTC	0.50524465626274
AML1012.D0_TAAAGGGAGGCT	0.674345614494285
AML1012.D0_TAACCACCTGGN	0.671246287210212
AML1012.D0_TAACCGAATAGA	0.556928859248269
AML1012.D0_TAACGGTTCTAA	0.275433487785283
AML1012.D0_TAACTCACCTGG	0.760594169943855
AML1012.D0_TAAGCTAATCGA	0.954720735281412
AML1012.D0_TAAGGCAGCTTC	0.275162638459185
AML1012.D0_TAAGGGCGTCCT	0.378619214666912
AML1012.D0_TAAGGTCGTGGN	0.391317987400627
AML1012.D0_TAAGTTACTTGA	0.563317138771686
AML1012.D0_TAATCGAAGTTT	0.814902367915704
AML1012.D0_TACAAACAAGTT	0.600474607933363
AML1012.D0_TACAAGATTGAC	0.603700847668958
AML1012.D0_TACAGTCCCCCN	0.702948520295392
AML1012.D0_TACCGAGCCAAA	0.428882349356158
AML1012.D0_TACGAGCGAACG	0.282606837142488
AML1012.D0_TACGCTGTGCTT	0.482251189271303
AML1012.D0_TACTAGAATGGT	0.262445823094245
AML1012.D0_TACTGACATAGA	0.205170184430655
AML1012.D0_TACTGGCTTGCC	0.443342404298702
AML1012.D0_TAGACGCAAGGN	0.168728527638535
AML1012.D0_TAGAGAAGATGG	0.482012508708688
AML1012.D0_TAGCAACAACGG	0.649573361454774
AML1012.D0_TAGCAGTAAGCT	0.582817824406349
AML1012.D0_TAGCCACTACTG	0.510631197032713
AML1012.D0_TAGGCGGTCGGC	0.488592262588316
AML1012.D0_TAGGGTTTCGCT	0.62264799238192
AML1012.D0_TAGGTCGTCAAG	0.51067476180269
AML1012.D0_TAGGTTACGGTN	0.528156253997603
AML1012.D0_TAGTACACGTTC	0.294055084425059
AML1012.D0_TAGTGAGGCATN	0.622730595715826
AML1012.D0_TAGTGGGCTGGT	0.586800747146312
AML1012.D0_TAGTTTAGGTCN	0.780001713642823
AML1012.D0_TAGTTTTGGCTA	0.35193962153577
AML1012.D0_TATAAGCATCAA	0.565584436069917
AML1012.D0_TATATTCAGTTT	0.358304171805834
AML1012.D0_TATCACAATGGT	0.350586933429749
AML1012.D0_TATCACGGTCCC	0.0749935874987602
AML1012.D0_TATCGTAGTTAG	0.541183191345935
AML1012.D0_TATCGTATCTAG	0.436929997486212
AML1012.D0_TATGATATTAGN	0.486477089691251
AML1012.D0_TATGCAGGGACT	0.594748274625487
AML1012.D0_TATGGAGAGCAG	0.482064264204071
AML1012.D0_TATGTTCCTTTN	0.878751170842336
AML1012.D0_TATTAGCGCTAN	0.373447769051426
AML1012.D0_TATTGGTCGGGN	0.55844365873219
AML1012.D0_TATTTTGCGGAN	0.553984339929745
AML1012.D0_TCAAACCCTTAC	0.527969614832553
AML1012.D0_TCAAGGTGCGGN	0.532525395311561
AML1012.D0_TCAAGTAGCAAT	0.506799492336877
AML1012.D0_TCAAGTTTAATC	0.704264186428628
AML1012.D0_TCAATATAGTGG	0.626779995111122
AML1012.D0_TCAATCCATAAN	0.383357998024076
AML1012.D0_TCACCGCGTTAT	0.192270335280035
AML1012.D0_TCACCGGACTGT	0.552900176869582
AML1012.D0_TCAGTAGTGGAA	0.495625006175687
AML1012.D0_TCAGTTACTCGG	0.39788580565099
AML1012.D0_TCATAGGAGACG	0.442979829425816
AML1012.D0_TCATAGGTCTGC	0.381692151476199
AML1012.D0_TCATCTCCTGGT	0.257675602262655
AML1012.D0_TCATCTTCCGAN	0.664250380818992
AML1012.D0_TCATTTCACCGN	0.269665821591889
AML1012.D0_TCCACTCAGGTG	0.797801961582818
AML1012.D0_TCCAGTCGAATC	0.548904742607735
AML1012.D0_TCCATTTCCGGA	0.227121486671809
AML1012.D0_TCCGCTGAGTGG	0.550731584229537
AML1012.D0_TCCGTCTCGCTT	0.39204469667209
AML1012.D0_TCCGTTTGGTTN	0.803700621683191
AML1012.D0_TCGAAAGATGAG	0.488906275965656
AML1012.D0_TCGAAGCGTCGT	0.185219504378942
AML1012.D0_TCGATCCTAGCG	0.643742003565897
AML1012.D0_TCGCACTAGGAG	0.420860979446253
AML1012.D0_TCGCCGTAGTGT	0.295966861148538
AML1012.D0_TCGCTAGTCTCT	0.372235344010733
AML1012.D0_TCGCTATAGCAG	0.496493529544787
AML1012.D0_TCGCTCTGGTTA	0.698645807462353
AML1012.D0_TCGCTTGATCCN	0.702865505336987
AML1012.D0_TCGCTTTTAATN	0.61627230054107
AML1012.D0_TCGGACGCGTCT	0.604049912238508
AML1012.D0_TCGGGACGTCAN	0.490517690154461
AML1012.D0_TCGTGTGGTCCA	0.384498729943983
AML1012.D0_TCGTTCGAGCCN	0.674302073558098
AML1012.D0_TCTAAAGGATTN	0.670723426524288
AML1012.D0_TCTAGTTAGTTT	0.510694765729396
AML1012.D0_TCTATCGTGGAA	0.471234532025741
AML1012.D0_TCTATTCTCGAN	0.585119887416576
AML1012.D0_TCTCTCAATAAN	0.234420329508387
AML1012.D0_TCTTCCGTGTTN	0.480745720958564
AML1012.D0_TCTTTACAGCCN	0.309145349932657
AML1012.D0_TCTTTCCCTGAN	0.559007641081269
AML1012.D0_TGAAAATGCAGA	0.776097211338059
AML1012.D0_TGAAAATTTTGG	0.408070163525451
AML1012.D0_TGAACCGTACTC	0.669025843510832
AML1012.D0_TGAACGGCGGAA	0.215283669145818
AML1012.D0_TGAAGACCATAC	0.389997431052532
AML1012.D0_TGAAGATCAGCG	0.559305625150603
AML1012.D0_TGAATCTGCAAN	0.60884079846654
AML1012.D0_TGAATTTCAGCG	0.2809809074885
AML1012.D0_TGACAGCCTACG	0.490708038361259
AML1012.D0_TGACCTTCGTTN	0.552563434231452
AML1012.D0_TGAGCACATGCC	0.636515851864535
AML1012.D0_TGAGCCCGATAG	0.693483071689843
AML1012.D0_TGAGTGGGCCTG	0.183205103051328
AML1012.D0_TGAGTTTTATGG	0.719573994770163
AML1012.D0_TGATATGTGTGN	0.447363296580922
AML1012.D0_TGCATAGAAATC	0.672231872557391
AML1012.D0_TGCCAGAGACGA	0.496973642833957
AML1012.D0_TGCCATTAGTCA	0.465549330243748
AML1012.D0_TGCCCAGATCGT	0.63560282730394
AML1012.D0_TGCCCTATTCCA	0.765578948030425
AML1012.D0_TGCCTACCAGGN	0.65895418187739
AML1012.D0_TGCCTGATTTAN	0.669681149122013
AML1012.D0_TGCCTTAGCCTN	0.919740981479887
AML1012.D0_TGCTACAAGTTC	0.311823604274731
AML1012.D0_TGCTGCGACGCN	0.753752657913609
AML1012.D0_TGCTTGAAACGN	0.641922187980276
AML1012.D0_TGGAGTCTATCT	0.720097112343972
AML1012.D0_TGGCCATAGGCT	0.440350539807507
AML1012.D0_TGGCGCACCCCN	0.511621894718042
AML1012.D0_TGGGGGGATGAN	0.775678821785989
AML1012.D0_TGGGTATTCCGA	0.637209432121752
AML1012.D0_TGGTCTGGAACG	0.480506917276039
AML1012.D0_TGGTGCTACGCT	0.193088169644268
AML1012.D0_TGGTTCATTCAA	0.600672471264884
AML1012.D0_TGGTTCTCGTCN	0.411747845312284
AML1012.D0_TGGTTTCTCGTC	0.665706660382892
AML1012.D0_TGTAGTTTACAT	0.746425293557558
AML1012.D0_TGTATTATCTTN	0.489905000107446
AML1012.D0_TGTCACCGGCTG	0.510024259349199
AML1012.D0_TGTCATTGTTGA	0.376186023756469
AML1012.D0_TGTCCCACGAGA	0.302217942411987
AML1012.D0_TGTCGCGGCTGC	0.583096954884582
AML1012.D0_TGTCGGGCGTGA	0.439699384781915
AML1012.D0_TGTCTAACTAGG	0.395482750986738
AML1012.D0_TGTGCGCAATAG	0.220818125740343
AML1012.D0_TGTGCGGTGAGG	0.406803176614988
AML1012.D0_TGTGGAAAGTCA	0.449605117028043
AML1012.D0_TGTGTATGATTA	0.62480098004653
AML1012.D0_TGTGTTTAGGCC	0.493340350993321
AML1012.D0_TGTTAATACTCT	0.502594782740535
AML1012.D0_TGTTATCCCCAA	0.478058974785016
AML1012.D0_TGTTGCCCCGAN	0.305349546769918
AML1012.D0_TGTTTACATACN	0.749100106579579
AML1012.D0_TGTTTGCTAATN	0.519307068110926
AML1012.D0_TGTTTTAGAAGN	0.514013359539556
AML1012.D0_TTAAAGCGCATN	0.389953444795792
AML1012.D0_TTAATCCGGGGT	0.47638079865705
AML1012.D0_TTACACGCTGAG	0.523178675588946
AML1012.D0_TTACCGCCGCTT	0.301730671221536
AML1012.D0_TTACTAAAGCCA	0.424940413747202
AML1012.D0_TTAGCCCTGATG	0.418531559577305
AML1012.D0_TTAGGCTGGTCT	0.525904840300311
AML1012.D0_TTAGTGGTTTGG	0.320023817732382
AML1012.D0_TTAGTTACACAN	0.486756562394988
AML1012.D0_TTAGTTTATCGN	0.570649117566841
AML1012.D0_TTCAAGGCGTGA	0.804388948013526
AML1012.D0_TTCAATGACAGG	0.366932890933838
AML1012.D0_TTCACATGATGA	0.301194492099703
AML1012.D0_TTCCCAAGCGGT	0.79140407309202
AML1012.D0_TTCCCCTGTAGC	0.319386202241104
AML1012.D0_TTCCCGATCAGG	0.239450356832071
AML1012.D0_TTCGAATTCAGC	0.600987814370299
AML1012.D0_TTCGGCCCGTGN	0.462554220606504
AML1012.D0_TTCGGTTGGGAN	0.416847765431719
AML1012.D0_TTGAACGAATCG	0.477271692405572
AML1012.D0_TTGAATTTCTTG	0.471590135072944
AML1012.D0_TTGAGCTTTATA	0.433629775942422
AML1012.D0_TTGCGCGGCTAG	0.536928111630809
AML1012.D0_TTGCGGTTAAGN	0.460157306461675
AML1012.D0_TTGCTGAGGAGA	0.506517683846673
AML1012.D0_TTGGCGCAGGAT	0.467135215729296
AML1012.D0_TTGGGCGTCCGC	0.491994984544082
AML1012.D0_TTGGGTACGTAG	0.550846022846506
AML1012.D0_TTGGTCAGGGCN	0.610550450847713
AML1012.D0_TTGGTGCCACGN	0.655905355916821
AML1012.D0_TTGGTGGGGTCN	0.382573739622322
AML1012.D0_TTGTCATGGTTG	0.363546540449276
AML1012.D0_TTGTGTTGAGTT	0.753739868022059
AML1012.D0_TTGTTCGGGAGN	0.43734864361253
AML1012.D0_TTGTTCTTTCCN	0.45539391954338
AML1012.D0_TTGTTGAACCAG	0.736511619391988
AML1012.D0_TTGTTTCGGGCN	0.341935064501879
AML1012.D0_TTTAGATATTGN	0.265051260516628
AML1012.D0_TTTCACACATCN	0.463713248690481
AML1012.D0_TTTCCTAAGGTA	0.496139769200945
AML1012.D0_TTTCGCACTACN	0.306598090180133
AML1012.D0_TTTGATCTCTGG	0.308100649736936
AML1012.D0_TTTTCTGCTTAC	0.59131800674734
AML1012.D0_TTTTGCCATAGN	0.77288636472743
AML1012.D0_TTTTGGAGAGAN	0.475892847071971
AML1012.D0_TTTTGTTGTTGA	0
AML1012.D0_AACTCGCTCGCN	0.34974548006499
AML1012.D0_AAGCGGTAATAG	0.368933465644794
AML1012.D0_ACAACGTATAAN	0.852162620436448
AML1012.D0_ACGGCGTCCGCT	0.606895557041771
AML1012.D0_ACTTGCTCGTGA	0.338012627766931
AML1012.D0_AGAAAACTATGN	0.573426044170467
AML1012.D0_AGCACTAATACT	0.653660083593156
AML1012.D0_AGGGCAAGGTCT	0.336545452613928
AML1012.D0_AGGTATTCGGCA	0.416143308719999
AML1012.D0_AGTTTAGCACTG	0.574903356819259
AML1012.D0_ATAAGTGGCTTC	0.496959421506858
AML1012.D0_ATATCTTCTACC	0.361359244097807
AML1012.D0_ATCCAATTGAAN	0.372144211680532
AML1012.D0_ATTATCGTGCGG	0.375771886017727
AML1012.D0_CAATCAGCAATT	0.213243970614413
AML1012.D0_CAGAAGCATGAC	0.450575791349793
AML1012.D0_CAGGCCCACGAC	0.519752683515323
AML1012.D0_CATGCTTATCTC	0.410323472737442
AML1012.D0_CCAGCACCTTGA	0.539440844246204
AML1012.D0_CCCTAACAACGC	0.219913171723297
AML1012.D0_CCTCCACGATGN	0.394233421692959
AML1012.D0_CCTGAGTTGCGT	0.410723811435725
AML1012.D0_CGGGAGCGTTTT	0.618559216408903
AML1012.D0_CGGTATAAAACA	0.251470761208775
AML1012.D0_CTGAAATCTACN	0.273538530863267
AML1012.D0_CTGATTCACAGN	0.270606501593745
AML1012.D0_CTGCAGCTCGCA	0.430733588545656
AML1012.D0_CTTACGTAAACN	0.481394878077617
AML1012.D0_CTTGTAAGGCGN	0.255903954196136
AML1012.D0_GAAATGGGTGCC	0.398439979411714
AML1012.D0_GCAAAACCTCGA	0.560523623759473
AML1012.D0_GCCCATGACCCC	0.275124161605921
AML1012.D0_GCCCTTCTTTTA	0.716735164535992
AML1012.D0_GCCTGACCATAA	0.632961597909573
AML1012.D0_GCGATCCGCGAT	0.36304033819694
AML1012.D0_GCGGCAGGGGTC	0.647046350040574
AML1012.D0_GCTTAATTCCTN	0.43282330784725
AML1012.D0_GCTTAGCATTTC	0.64188645103646
AML1012.D0_GGCCCAAACCAT	0.540937063556329
AML1012.D0_GGTGGTTTCCTG	0.437313657310758
AML1012.D0_GGTTACAACACN	0.455045539091839
AML1012.D0_GTCGGATCTTAT	0.124925706218257
AML1012.D0_GTGATTAACGCG	0.548241789567982
AML1012.D0_GTGGTTCGTCAG	0.820720841265383
AML1012.D0_GTTTATCCATTT	0.512609784436021
AML1012.D0_TAATGTTTATTT	0.41762582578092
AML1012.D0_TAGAACCTTGAN	0.578158473454721
AML1012.D0_TAGGCTCCGTAG	0.420562738645867
AML1012.D0_TCCTCGTCATCC	0.296671024374115
AML1012.D0_TCGCGGCCCGGA	0.490946084818343
AML1012.D0_TCGTTAACAAAC	0.368432588587363
AML1012.D0_TGACAGCATCTN	0.612573443683916
AML1012.D0_TGACCACAACCT	0.32302367695595
AML1012.D0_TGTTCTAGCTAN	0.54192137064704
AML1012.D0_TGTTTTTGGCAA	0.476361071605468
AML1012.D0_TTACCAAGACTT	0.420997496389372
AML1012.D0_TTCACTGCCTAN	0.381881347426826
AML1012.D0_TTCCGGATTATG	0.781811391913334
AML1012.D0_TTCTGTGACCTT	0.53275409283754
AML1012.D0_TTGGCATAGCGN	0.599079240026721
AML1012.D0_TTTCTAGGAGCC	0.529098462495723
AML1012.D0_TTTGGAGGCGCA	0.715919701864656
AML1012.D0_AAGTTGCTATAG	0.558491880187824
AML1012.D0_AATGGGAAAGCG	0.696542670641062
AML1012.D0_ACATGAGAAGGN	0.47461076013267
AML1012.D0_ACGGGGGCCCAN	0.181169691579256
AML1012.D0_ACGGTGTGGTTG	0.491636903209072
AML1012.D0_ACTCACGTTTGN	0.422341402100333
AML1012.D0_ACTGTTCAAGGG	0.680817379715565
AML1012.D0_ATATTGAGTTGN	0.605721220344958
AML1012.D0_CAAGCATTAATC	0.823176130355428
AML1012.D0_CACCCGGAATCC	0.497357332028427
AML1012.D0_CACCCTGTATCA	0.581761551367095
AML1012.D0_CCCTGTAGGTGC	0.599441703133114
AML1012.D0_CCTGTCAAAGGT	0.537107062068876
AML1012.D0_CCTGTGGTGGAG	0.635272510172907
AML1012.D0_CGAGTATATGCC	0.244292161604591
AML1012.D0_CGATCTCTTCAN	0.349573992264336
AML1012.D0_CGGCTCCATGGT	0.913941881698018
AML1012.D0_CGGTTTGCTAAA	0.345639117020092
AML1012.D0_CGTGATCCAACA	0.513671973065503
AML1012.D0_CGTGTAAATCAN	0.677407515315511
AML1012.D0_CGTGTCTGTCGG	0.692404049278749
AML1012.D0_CTGCTGCGTGCN	0.633793250892837
AML1012.D0_GATTGCCACCAT	0.199975266136206
AML1012.D0_GCAAGCCTCGCC	0.5516067947933
AML1012.D0_GCACCCTTCTCA	0.663214533949307
AML1012.D0_GGACCCCTTGCA	0.576850941290851
AML1012.D0_GGACGTTCGCTA	0.407518699154934
AML1012.D0_GGTTAGTGTATT	0.307735244857733
AML1012.D0_TAAAGCATATTA	0.618882828831044
AML1012.D0_TAAAGTTATTAG	0.25266338994003
AML1012.D0_TAAGGCCAAGCC	0.373316026946844
AML1012.D0_TAGGTGCTTGAN	0.195719361206257
AML1012.D0_TCATTGAATGCA	0.487010906914041
AML1012.D0_TGAGTTACAATT	0.481770802749692
AML1012.D0_TGCAGCAAAAGN	0.503522111123863
AML1012.D0_TGTGTTGGGCGT	0.123507788921996
AML1012.D0_TTCACACACGCC	0.692041188422227
AML1012.D0_TTCCTTGCTGGN	0.323741148041256
AML1012.D0_TTTCGTTTAAAT	0.424733700521966
AML1012.D0_AAGCAGCCTGAN	0.590422012053427
AML1012.D0_ATAACCGAGTAT	0.599958939239374
AML1012.D0_ATCGTAAGGCTA	0.720106455333784
AML1012.D0_ATCGTTGAACAA	0.414361454762156
AML1012.D0_ATTCCAACTTAG	0.509230941158036
AML1012.D0_CAACCCGCGTCN	0.52768989978126
AML1012.D0_CCACCCTAGGGN	0.572805221043426
AML1012.D0_CCATCTTAGACT	0.545182011878679
AML1012.D0_CGGTCTGGGCAN	0.567399851698702
AML1012.D0_CGTACAATTGGC	0.33598578265615
AML1012.D0_CTAATCCACTTN	0.301185960394525
AML1012.D0_CTCCCTGGGCGC	0.451760143006631
AML1012.D0_CTTCTGATCATC	0.469242545697779
AML1012.D0_GATCCAGACTGT	0.608951291820869
AML1012.D0_GATTGAACTTTA	0.642674479450554
AML1012.D0_GCCAACTATTGT	0.505934773679059
AML1012.D0_GTTGGATTGCAT	0.677117271621775
AML1012.D0_TAGCTCAACACG	0.660999351071528
AML1012.D0_TATAGGTAAACT	0.497339076463014
AML1012.D0_TATGTGTCTGTN	0.435272847473574
AML1012.D0_TATTTTGCCATG	0.645983012671705
AML1012.D0_TCAGGTTGCAGA	0.389421793896415
AML1012.D0_TCAGTCTATTGN	0.495222762847701
AML1012.D0_TCTTCGTGAATC	0.646284608643486
AML1012.D0_TGAAGTTTGCAA	0.391002414617444
AML1012.D0_TGGGTCGCCTCA	0.567890926015766
AML1012.D0_TTCAGTCCAAGN	0.225871193012423
AML1012.D0_TTTAAGTCCATT	0.612939032770132
AML1012.D0_ACGACGGGTTGN	0.296259246174686
AML1012.D0_AGACCGCACGGC	0.374849995215416
AML1012.D0_AGGTTGTGAAGT	0.640902736464022
AML1012.D0_AGTGTTACCCAA	0.568979405272619
AML1012.D0_ATCACGTGTCTG	0.824649346316037
AML1012.D0_CCGTTAGCATAN	0.578488222712036
AML1012.D0_CGAACACCCGAN	0.499047463435195
AML1012.D0_CGCGTCGTAATT	0.395822424968798
AML1012.D0_CGGAGTTTAGTT	0.152391064809748
AML1012.D0_CGTGCAGAATGA	0.692019160825972
AML1012.D0_CTCAGAGGTCAA	0.533701156573311
AML1012.D0_GAGGCGTCGGAC	0.414876977559433
AML1012.D0_GGCGCTTGGGTN	0.663190737424855
AML1012.D0_GGTTTGTATGTN	0.240362230557798
AML1012.D0_GTTCGCAACGCG	0.339733431377627
AML1012.D0_TCAATATTCGCT	0.499178841149809
AML1012.D0_TCCGTCACTCTA	0.621340216079343
AML1012.D0_TGAGGGCAGGTT	0.235319891597133
AML1012.D0_TGGTAGTATTTN	0.404902075587351
AML1012.D0_TTAAGTTCAGCG	0.500073211612011
AML1012.D0_TTCCCACCAGGA	0.502794165656881
AML1012.D0_TTCCTGCATGCC	0.550645475524401
AML1012.D0_AATCCGGGTGCC	0.745008011461978
AML1012.D0_ACCAACTTCGTA	0.412982041985532
AML1012.D0_AGATTAACCCGG	0.34951712867464
AML1012.D0_ATCAAGCGGTAA	0.521983858887641
AML1012.D0_ATTAGGCTGGGG	0.584218583999574
AML1012.D0_CACGAAATTCAA	0.398522509579521
AML1012.D0_CATGGCATCGTC	0.364638426939478
AML1012.D0_CTGACTATGATA	0.348979716038775
AML1012.D0_GACAGAAGATTG	0.279259865605504
AML1012.D0_TACGCGCAATTA	0.5612378034138
AML1012.D0_TCAAGTCTGCGN	0.347828937937973
AML1012.D0_TGACTAAAGCGN	0.166119883798681
AML1012.D0_TTCACTTTACAT	0.195622870010255
AML1012.D0_AACGTCTCTGTT	0.807567124631555
AML1012.D0_AGGGATCCTAGN	0.381692015163809
AML1012.D0_AGGTCCCGTACA	0.859091408613552
AML1012.D0_AGTCAGAGAGAN	0.553473248100626
AML1012.D0_ATGGTTCGTTAG	0.28477035050064
AML1012.D0_CCTTAACAGGTT	0.649831473786112
AML1012.D0_CCTTGTGCTCGG	0.660167112484812
AML1012.D0_CTCTTCGGAATG	0.291315075431338
AML1012.D0_GACGTGTTCAAT	0.475320781940514
AML1012.D0_GCACCACGTACC	0.705311961409047
AML1012.D0_GCACTTTACCCA	0.4800559499308
AML1012.D0_GCGATCAGGTAA	0.440223931339054
AML1012.D0_GGCCCTTAGCAN	0.509270594072766
AML1012.D0_TACACCGTGAAG	0.617112778071747
AML1012.D0_TTGTTTGACCCA	0.426254252390131
AML1012.D0_AAGTACATACGG	0.619655182308589
AML1012.D0_AGGTTCTACGCN	0.642003134099195
AML1012.D0_GCACTCGCGGTN	0.620124440746454
AML1012.D0_GCCGGGAACAAG	0.319075518793977
AML1012.D0_GCGGCCAACGGC	0.394938905995772
AML1012.D0_GGCAAGGCTTCC	0.193570699250085
AML1012.D0_GTTGGTCGAAAT	0.391902544531184
AML1012.D0_TCGTATGTTGAT	0.522157420448276
AML1012.D0_TGGCGTCCAGAN	0.489864054280248
AML1012.D0_TTTGCAAAAGTT	0.534175421622814
AML1012.D0_AATGGCTGTTCG	0.30254911028727
AML1012.D0_ACAGTTCGCTGC	0.69422612840517
AML1012.D0_ACAGTTCTGTTG	0.455399050879916
AML1012.D0_AGACGTTAAGCC	0.530163464965363
AML1012.D0_AGAGGCTTCAAN	0.411061425805809
AML1012.D0_CATGCTGACATN	0.463342295126944
AML1012.D0_GCGTGTGTCCTG	0.687739916817569
AML1012.D0_GGATGGTTTACC	0.444107494847193
AML1012.D0_TCTCCGCTACAC	0.412998729210358
AML1012.D0_TGAGACGGAGAN	0.710137018584241
AML1012.D0_AATCCTGCGACG	0.35754045467471
AML1012.D0_CATTCACCGCCA	0.506006584929292
AML1012.D0_CGCGAAGGTGGA	0.335347134000174
AML1012.D0_GTTTCAGCCCCC	0.599047605348302
AML1012.D0_TTCTTTAAATGN	0.440934442463356
AML1012.D0_AGCCACAACTGN	0.507407455521593
AML1012.D0_CCGTTTGTTCAA	0.556242486287984
AML1012.D0_CTACTAAGGTTN	0.705041841519779
AML1012.D0_GTTCTCCTAGTT	0.52547082886338
AML1012.D0_TCTTAAAGGAAC	0.53848603393128
AML1012.D0_ACTCCCTAAGCG	0.215092743674738
AML1012.D0_AGTCGGTTCGGN	0.758876367181901
AML1012.D0_ATTTGTCGGTTG	0.365539683110363
AML1012.D0_CAGGATCAGTAC	0.617339931623136
AML1012.D0_CCGTTCTCATGG	0.419604801521323
AML1012.D0_CCTATGTTGCAG	0.540600869218043
AML1012.D0_GGCAAGCTGGGA	0.625940561075092
AML1012.D0_TGCAAAGACGTA	0.81601609903558
AML1012.D0_AGCACGCAGCGN	0.526896793525087
AML1012.D0_ATACTGCAAGAG	0.31860446274865
AML1012.D0_CAGATGTCGGTC	0.631549266645335
AML1012.D0_CTGGAGTAAAGG	0.486884393841857
AML1012.D0_CAACCCGTCGTC	0.327610633121911
AML1012.D0_CCGTGCGGTCAN	0.354151356306895
AML1012.D0_CGTTATATAAGN	0.570749159765176
AML1012.D0_GTAGTATTGTTC	0.347812135007409
AML1012.D0_AGGTAAGACGCC	0.234134868891457
AML1012.D0_AGTGTAGGTCAT	0.473985851877953
AML1012.D0_CGTCGCCAAACC	0.524161877004889
AML1012.D0_TGTGTACGGATG	0.421969035622732
AML1012.D0_TTAGAGATGTGN	0.597940396005314
AML1012.D0_AAGATAGCCTGN	0.300430709916742
AML1012.D0_AAGTGCACCGCC	0.422207159730141
AML1012.D0_CATGACCTGGAT	0.580457992130998
AML1012.D0_GCGCGTAGCCCG	0.416203399564734
AML1012.D0_TGGACACCTCCA	0.233597760301635
AML1012.D0_CCATAAGAAGTG	0.519065301665008
AML1012.D0_CGTGCAATTAGT	0.660400224148249
AML1012.D0_GCTCCCCATTCG	0.775371535610402
AML1012.D0_TTTGCCAGGTCN	0.333789177507885
AML1012.D0_ACAGTATGAGCA	0.466551260841975
AML1012.D0_AGATTCGTATTC	0.588273073478505
AML1012.D0_CGCTGCTGTCCG	0.583877768247464
AML1012.D0_GTCGAAACGCAA	0.330442490357386
AML1012.D0_CGGACAGATGCN	0.458350264142878
AML1012.D0_GTAGATTACATG	0.555732289664993
AML1012.D0_TCCACGGTCCGG	0.594529107889791
AML1012.D0_ATGGCCCGTGGN	0.609177364433499
AML1012.D0_CAGGGCACACGG	0.579721820101709
AML1012.D0_CTCACTGGTTAN	0.545819182318918
AML1012.D0_GTCACATTGAAN	0.119906350087694
AML1012.D0_GAAGTTAGGCAC	0.360930795330595
AML1012.D0_AAGAGCAGCTAC	0.424938136417567
AML1012.D0_CGGACCCCATAA	0.460037247705638
AML1012.D0_GAGTTCGCCGAG	0.501928020316692
AML1012.D0_GGCTTATAAAAC	0.150516332357045
AML1012.D0_TTCAGCAAGTGT	0.570755974925737
AML1012.D0_CAACTTGCATCA	0.45266083489562
AML1012.D0_TTGTTCACAGCN	0.717559901208361
AML1012.D0_CACGTGGAGGGC	0.740363033928598
AML1012.D0_TGTCTCTGGAAT	0.574941414093861
AML1012.D0_AGTCACGGTATG	0.466160090812463
AML1012.D0_CGGTTATATGAC	0.343259536161099
AML1012.D0_TACCACCTAACN	0.570966802479152
AML1012.D0_AGCAACGGTCAT	0.321895578988155
AML1012.D0_GTGCAGGCGTTC	0.46346331607818
AML1012.D0_CAAGAGGTTGCN	0.630639363068015
AML1012.D0_CGAACTAGATGG	0.0268376116982118
AML1012.D0_GCGGAACTTGAT	0.612165932109648
AML1012.D0_CACGGAACCCGG	0.792841721866905
AML1012.D0_GCGGTCTAGTTG	0.482131645483697
AML1012.D0_CGGTAGTGCCGC	0.616716528504011
AML1012.D0_ATCCGAGATATN	0.475266412949616
AML1012.D0_ACCCGATTATGA	0.284991647103692
AML1012.D0_GTTCGTCGCATT	0.16000827976812
AML1012.D0_GCCGTCCAGTTA	0.423834336614704
AML1012.D0_TAGAGCCGCTCN	0.652723632521832
AML1012.D0_TACGGAACTTCN	0.640312971163184
AML1012.D0_GTGACGACCATT	0.67959283180437
AML1012.D0_TTCTCCATGTAN	0.44430822596578
AML1012.D0_ACCAAATGCAGA	0.676667741993525
AML1012.D0_CAGGTATGTGTN	0.48025969521508
AML1012.D0_CCCAATATTAAN	0.619610370897612
AML1012.D0_GGCATGTCAATT	0.513751114481527
AML1012.D0_ACGGAACGTGCA	0.665796634900106
AML1012.D0_ATAATACTTACT	0.429031536156923
AML1012.D0_AATGTTAATTCT	0.509723549937209
AML1012.D0_ACATCCAAGGAT	0.508939153578698
AML1012.D0_AGAGGCCAGTAN	0.372551658675674
AML1012.D0_ATTGTCTTAGAN	0.506892780371393
AML1012.D0_CACAATGAGGAA	0.333368945411532
AML1012.D0_CCGGTGCAGGTT	0.135378742002119
AML1012.D0_CCTCGCGATCTT	0.339729834780185
AML1012.D0_CCTGAGATACTT	0.769737310965935
AML1012.D0_CGCTGTATTGCA	0.63183214643685
AML1012.D0_CTTCTCTTTTGA	0.168116240896779
AML1012.D0_GCCACCGGTATA	0.5103315153153
AML1012.D0_GGCACGGCGGCN	0.561861893745256
AML1012.D0_GGGATCGTCGTC	0.627829853797882
AML1012.D0_GTAACTACCCAG	0.541980862906522
AML1012.D0_TAGCTAATTGCA	0.387094271463314
AML1012.D0_TCACGAGAAGCA	0.44966695329985
AML1012.D0_TGAAAGAGATAG	0.461105044811496
AML1012.D0_TGGCAGTGTGGA	0.443973075536536
AML1012.D0_TGGTTCGCTGTT	0.536537009585295
AML1012.D0_TTACCCTCTGGA	0.581098758662533
AML1012.D0_TTTTGTATCACN	0.508353670204116
AML1012.D0_AACCAATATTCC	0.601329814436119
